{
    "accuracy": 0.9998417248474404,
    "precision": 0.9997011199212363,
    "recall": 0.9999824138719379,
    "f1_score": 0.9998417471118848
}