{
    "accuracy": 0.9778063063855231,
    "precision": 0.986969691538365,
    "recall": 0.9683977278722543,
    "f1_score": 0.977595512001136
}