{
    "accuracy": 0.9997889664632538,
    "precision": 0.9995956754856289,
    "recall": 0.9999824138719379,
    "f1_score": 0.9997890072792489
}